Story_Title__c,Sprint__c,Feature__c,Status__c,Priority__c,Story_Points__c,Estimated_Hours__c,Assigned_To__c,Description__c,Acceptance_Criteria__c,Pending_Reason__c
Implement Biometric Login,Sprint 2024-02,User Authentication Redesign,Dev In Progress,Critical,8,16,John Smith,As a mobile user I want to login using fingerprint or face recognition so that I can access my account quickly and securely,Fingerprint auth works on iOS and Android; Face recognition works on supported devices; Fallback to PIN if biometric fails; Session timeout after 5 minutes of inactivity,
Add MFA SMS Verification,Sprint 2024-02,User Authentication Redesign,Pending,High,5,10,Emily Davis,As a user I want to receive an SMS verification code so that my account has an extra layer of security,SMS sent within 5 seconds; Code expires after 3 minutes; Maximum 3 retry attempts; Clear error messages for invalid codes,Waiting for SMS gateway API credentials from vendor
Design Account Dashboard,Sprint 2024-02,Dashboard & Account Overview,Formalities InProgress,High,5,12,Alex Rodriguez,As a user I want to see all my account balances on one screen so that I can quickly check my financial status,Shows all linked accounts; Real-time balance updates; Last 5 transactions per account; Pull-to-refresh functionality,
Build Transaction History API,Sprint 2024-02,Dashboard & Account Overview,Completed - SIT Ready,Medium,3,8,John Smith,As a developer I want a paginated transaction history API so that the mobile app can efficiently load transaction data,Supports pagination (20 items per page); Filter by date range and amount; Response time under 200ms; Proper error handling for invalid parameters,
Create Payment Form UI,Sprint 2024-03,Payment Module,New,High,8,20,Emily Davis,As a user I want a simple payment form so that I can send money to other users easily,Auto-complete for saved recipients; Amount validation with daily limits; Confirmation screen before sending; Success/failure notification,
Implement API Rate Limiting,Sprint API-01,API Routing Engine,Dev Completed,Critical,5,12,Michael Chen,As a system administrator I want API rate limiting so that the system is protected from abuse,Configurable rate limits per client; Returns 429 status when exceeded; Sliding window algorithm; Bypass for whitelisted IPs,
Setup CI/CD Pipeline,Sprint 2024-02,,Sent to SIT,Medium,3,6,Alex Rodriguez,As a developer I want automated CI/CD so that code deployments are consistent and reliable,Automated unit tests on PR; Deploy to staging on merge; Rollback capability; Slack notifications on failure,
Implement OAuth Token Refresh,Sprint API-01,API Routing Engine,PR InProgress,High,3,8,John Smith,As an API consumer I want automatic token refresh so that my sessions do not expire unexpectedly,Token refresh 5 minutes before expiry; Seamless to end user; Audit log of refreshes; Revoke capability for compromised tokens,
Customer Portal Login Page,Sprint 2024-03,Customer Portal,Successfully Deployed to SIT,High,5,10,Emily Davis,As a customer I want a branded login page so that I can access the portal securely,Login works with email+password; Forgot password flow; CAPTCHA on failed attempts; Branded styling applied,
Admin Dashboard Analytics,Sprint 2024-03,Dashboard & Account Overview,Sent to QA,Medium,3,8,Michael Chen,As an admin I want to see usage analytics so that I can make informed decisions,Shows daily/weekly/monthly active users; Export to CSV; Filters by date range,
Mobile Onboarding Flow,Sprint 2024-04,Mobile App,Sent to UAT,High,8,16,John Smith,As a new user I want a guided onboarding so that I can set up my account easily,5-step wizard; Skip option available; Progress indicator; Completes in under 3 minutes,
Legacy Data Migration Script,Sprint 2024-04,,Done,Critical,13,24,Alex Rodriguez,As an operations team member I want a migration script so that we can move customer data from the old system,Zero data loss; Idempotent script; Full audit log; Rollback capability,
Payment Notifications,Sprint 2024-04,Payment Module,Rejected,High,5,10,Emily Davis,As a user I want to receive payment notifications so that I know when transactions complete,Push notification within 2 seconds; Email backup; Dismissible; Deep link to transaction,
